{"initial_capacity": {"housing": 40, "shelter": 15}, "analysis_horizon": 6, "initial_demand": 120, "service_mean": {"housing": 4.487179487179487, "shelter": 0.0}, "arrival_rates": [36.55542857142857, 43.520228571428575, 47.76822857142857, 47.76822857142857, 43.12542857142857, 38.92062857142857], "time_btwn_changes_in_build_rate": 1.0356164383561643, "build_rates": {"housing": [18, 36, 42, 60, 48, 24], "shelter": [12, 12, 0, -12, -6, -6]}, "time_btwn_building": 0.1726027397260274}